INSERT INTO "public"."Clientes" ("id_cliente", "nombre", "direccion", "telefono", "email") VALUES ('1', 'Thorpe Fullwood', '0201 Blue Bill Park Circle', '+595 985 229953', 'tfullwood0@toplist.cz'), ('2', 'Melony Turville', '72135 Scofield Pass', '+595 992 344814', 'mturville1@skyrock.com'), ('3', 'Priscilla Peyro', '4 Scott Alley', '+595 992 353625', 'ppeyro2@cpanel.net'), ('4', 'Tonya Howey', '81322 Meadow Valley Street', '+595 994 274070', 'thowey3@loc.gov'), ('5', 'Gabi Johnsee', '2594 Katie Place', '+595 994 813234', 'gjohnsee4@zdnet.com'), ('6', 'Sarah Bennitt', '4 Chinook Park', '+595 994 720639', 'sbennitt5@tinypic.com'), ('7', 'Tybi Voisey', '937 Comanche Drive', '+595 994 199134', 'tvoisey6@geocities.com'), ('8', 'Millisent Seedull', '38 Declaration Alley', '+595 981 685752', 'mseedull7@goodreads.com'), ('9', 'Ulick Sagar', '2631 Florence Center', '+595 994 238400', 'usagar8@tumblr.com'), ('10', 'Lulu Murdie', '12827 Mariners Cove Plaza', '+595 981 190436', 'lmurdie9@google.ru'), ('11', 'Aguste O''Brollachain', '92 Schurz Hill', '+595 994 446348', 'aobrollachaina@addthis.com'), ('12', 'Grannie Dixson', '08 Bayside Street', '+595 981 340942', 'gdixsonb@hatena.ne.jp'), ('13', 'Felisha Ambage', '2 Hanson Drive', '+595 994 215496', 'fambagec@1688.com'), ('14', 'Bernetta Davitt', '6 Westridge Way', '+595 992 877405', 'bdavittd@cargocollective.com'), ('15', 'Sanford McLarnon', '476 Randy Center', '+595 994 246704', 'smclarnone@printfriendly.com'), ('16', 'Valentino Simondson', '8760 Nova Park', '+595 994 963050', 'vsimondsonf@360.cn'), ('17', 'Ossie Hannis', '2031 Utah Hill', '+595 985 709191', 'ohannisg@wufoo.com'), ('18', 'Errick Cosins', '46 Debs Hill', '+595 981 497521', 'ecosinsh@amazon.co.uk'), ('19', 'Inesita Bearham', '280 Vera Circle', '+595 985 245718', 'ibearhami@digg.com'), ('20', 'Margaret Baumler', '0556 Division Court', '+595 985 812085', 'mbaumlerj@sogou.com'), ('21', 'Laryssa Hicken', '3178 Lillian Pass', '+595 992 828291', 'lhickenk@geocities.jp'), ('22', 'Kristos Dormon', '2697 Kim Point', '+595 992 352567', 'kdormonl@independent.co.uk'), ('23', 'Brock Massot', '652 Golf Course Trail', '+595 994 101169', 'bmassotm@bloomberg.com'), ('24', 'Korie Perris', '451 Dennis Point', '+595 992 181638', 'kperrisn@google.pl'), ('25', 'Chick Heindl', '3 Ridgeway Avenue', '+595 992 105521', 'cheindlo@devhub.com'), ('26', 'Jessey Riply', '015 Cambridge Circle', '+595 992 536780', 'jriplyp@scribd.com'), ('27', 'Kassi Symons', '0057 Marcy Court', '+595 992 473027', 'ksymonsq@boston.com'), ('28', 'Inge Southway', '87541 Namekagon Point', '+595 981 874059', 'isouthwayr@prnewswire.com'), ('29', 'Nicolis Glede', '83 Randy Road', '+595 992 301425', 'ngledes@purevolume.com'), ('30', 'Horatius Fealty', '4210 Lindbergh Terrace', '+595 994 891449', 'hfealtyt@xinhuanet.com'), ('31', 'Morgan Gurg', '2576 Spenser Hill', '+595 985 267527', 'mgurgu@deliciousdays.com'), ('32', 'Thayne Skippen', '5133 Pepper Wood Parkway', '+595 981 110179', 'tskippenv@discovery.com'), ('33', 'Lilia Alentyev', '8 Southridge Court', '+595 981 295709', 'lalentyevw@multiply.com'), ('34', 'Claus Eadon', '6458 Hintze Avenue', '+595 992 889555', 'ceadonx@sina.com.cn'), ('35', 'Stephine Bartlosz', '2658 Lyons Lane', '+595 992 154471', 'sbartloszy@is.gd'), ('36', 'Latrena Drummond', '76 Mockingbird Circle', '+595 985 950706', 'ldrummondz@elpais.com'), ('37', 'Roberto Verbrugge', '434 Kropf Trail', '+595 981 524678', 'rverbrugge10@altervista.org'), ('38', 'Arnoldo Lethibridge', '207 Mallory Plaza', '+595 994 993543', 'alethibridge11@wisc.edu'), ('39', 'Kelby Lacey', '72 Di Loreto Plaza', '+595 994 473592', 'klacey12@skype.com'), ('40', 'Falito Carlo', '1 Golf Park', '+595 992 531096', 'fcarlo13@psu.edu'), ('41', 'Con Cansdale', '4070 Doe Crossing Drive', '+595 994 441680', 'ccansdale14@sogou.com'), ('42', 'Tessa Oran', '7464 Mcguire Road', '+595 994 367088', 'toran15@wordpress.com'), ('43', 'Kelcey Loche', '923 Lake View Point', '+595 992 354107', 'kloche16@hp.com'), ('44', 'Dell Iannetti', '4796 Elmside Avenue', '+595 985 203713', 'diannetti17@blinklist.com'), ('45', 'Guthry Whorf', '7 Shopko Way', '+595 985 102478', 'gwhorf18@adobe.com'), ('46', 'Randy Derycot', '355 Pearson Place', '+595 985 814059', 'rderycot19@mlb.com'), ('47', 'Mitchell Knagges', '4 Cherokee Crossing', '+595 981 295489', 'mknagges1a@fotki.com'), ('48', 'Mehetabel Yakunkin', '0 Blue Bill Park Center', '+595 994 179863', 'myakunkin1b@imdb.com'), ('49', 'Stephen Scandwright', '6528 Glacier Hill Place', '+595 981 812658', 'sscandwright1c@blog.com'), ('50', 'Terri Poveleye', '384 Schmedeman Pass', '+595 994 528165', 'tpoveleye1d@earthlink.net'), ('51', 'Waylen Duffree', '73308 Barnett Way', '+595 994 485413', 'wduffree1e@phpbb.com'), ('52', 'Dynah Matschoss', '16525 Eagle Crest Alley', '+595 992 873959', 'dmatschoss1f@omniture.com'), ('53', 'Crissie Dybell', '9 Forster Lane', '+595 985 636355', 'cdybell1g@163.com'), ('54', 'Fannie Decort', '02 Commercial Circle', '+595 992 443683', 'fdecort1h@bing.com'), ('55', 'Morey Dillingston', '16327 Burrows Road', '+595 994 446151', 'mdillingston1i@cnn.com'), ('56', 'Glenn Yakuntzov', '633 Melrose Parkway', '+595 992 751953', 'gyakuntzov1j@squidoo.com'), ('57', 'Avictor Terrill', '3 Buena Vista Avenue', '+595 981 785308', 'aterrill1k@tamu.edu'), ('58', 'Willabella Flanigan', '27 Thackeray Terrace', '+595 985 630389', 'wflanigan1l@fema.gov'), ('59', 'Gilbertina Railton', '351 Manufacturers Junction', '+595 985 664600', 'grailton1m@bravesites.com'), ('60', 'Darcey Lanfear', '7075 Eliot Drive', '+595 994 875292', 'dlanfear1n@illinois.edu'), ('61', 'Merissa Milsom', '5 American Ash Place', '+595 994 748757', 'mmilsom1o@apache.org'), ('62', 'Gery Lening', '12858 New Castle Junction', '+595 981 279140', 'glening1p@com.com'), ('63', 'Francoise Martill', '8004 Linden Point', '+595 981 891855', 'fmartill1q@tripod.com'), ('64', 'Alexine Bacchus', '64 Eggendart Park', '+595 985 399757', 'abacchus1r@sun.com'), ('65', 'Ernest Birkwood', '2 Cambridge Center', '+595 992 348799', 'ebirkwood1s@webmd.com'), ('66', 'Charis O''Loghlen', '7742 Lighthouse Bay Junction', '+595 981 686416', 'cologhlen1t@fda.gov'), ('67', 'Frederick Rodolfi', '5604 Drewry Place', '+595 992 284796', 'frodolfi1u@ezinearticles.com'), ('68', 'Lauraine Siderfin', '3 Mifflin Trail', '+595 994 967309', 'lsiderfin1v@stanford.edu'), ('69', 'Daphne Schinetti', '1004 Superior Terrace', '+595 985 837872', 'dschinetti1w@usa.gov'), ('70', 'Felita Mayger', '38945 Artisan Way', '+595 992 851981', 'fmayger1x@census.gov'), ('71', 'Katha Denisovich', '5 Oak Valley Court', '+595 994 481662', 'kdenisovich1y@tripod.com'), ('72', 'Anica Hanscome', '960 6th Avenue', '+595 994 193033', 'ahanscome1z@deviantart.com'), ('73', 'Kamila Woolham', '68417 Grasskamp Way', '+595 994 213888', 'kwoolham20@ebay.com'), ('74', 'Taber McGinlay', '359 Maryland Point', '+595 985 982536', 'tmcginlay21@nifty.com'), ('75', 'Hali Conant', '65 Farragut Crossing', '+595 994 509388', 'hconant22@sakura.ne.jp'), ('76', 'Alameda Joincey', '78496 Northwestern Street', '+595 994 252552', 'ajoincey23@ihg.com'), ('77', 'Tirrell Schwander', '0 Linden Way', '+595 981 719813', 'tschwander24@de.vu'), ('78', 'Stephanie Dye', '6520 Sunbrook Center', '+595 992 741541', 'sdye25@gmpg.org'), ('79', 'Cory Yakubovics', '4470 Walton Road', '+595 992 788676', 'cyakubovics26@ustream.tv'), ('80', 'Henri Hyrons', '0 Michigan Street', '+595 992 889405', 'hhyrons27@instagram.com'), ('81', 'Astrid Juleff', '43 Summerview Junction', '+595 981 660439', 'ajuleff28@eepurl.com'), ('82', 'Skell Levesque', '12982 Meadow Vale Trail', '+595 992 177971', 'slevesque29@blogger.com'), ('83', 'Chelsey Snowball', '641 Lien Pass', '+595 985 852932', 'csnowball2a@icio.us'), ('84', 'Harmony Tincey', '0596 Stuart Hill', '+595 981 664154', 'htincey2b@example.com'), ('85', 'Yorgo Charlet', '8 Melby Avenue', '+595 985 691491', 'ycharlet2c@springer.com'), ('86', 'Lenard Marten', '942 Lukken Crossing', '+595 994 330345', 'lmarten2d@ucla.edu'), ('87', 'Peirce Ansty', '31353 Northview Center', '+595 985 912705', 'pansty2e@shinystat.com'), ('88', 'Brigid O''Finan', '69 Fairfield Court', '+595 981 688181', 'bofinan2f@alexa.com'), ('89', 'Schuyler Ochiltree', '96 Waywood Hill', '+595 981 672271', 'sochiltree2g@mac.com'), ('90', 'Jackquelin Phin', '9 Meadow Ridge Road', '+595 994 853218', 'jphin2h@spiegel.de'), ('91', 'Jobie Pinwell', '1713 Roxbury Terrace', '+595 981 666183', 'jpinwell2i@bravesites.com'), ('92', 'Sherlock Kitteringham', '575 Truax Court', '+595 994 319292', 'skitteringham2j@sogou.com'), ('93', 'Berkie Enser', '53 Melody Pass', '+595 992 758492', 'benser2k@miitbeian.gov.cn'), ('94', 'Jada Slimme', '1 Stang Crossing', '+595 992 236595', 'jslimme2l@amazon.co.jp'), ('95', 'Waring Craggs', '2065 Bunker Hill Park', '+595 992 318089', 'wcraggs2m@microsoft.com'), ('96', 'Elfie Borge', '256 Thierer Avenue', '+595 985 230357', 'eborge2n@51.la'), ('97', 'Kimble Whyley', '34601 Doe Crossing Alley', '+595 994 103136', 'kwhyley2o@php.net'), ('98', 'Lorrin Botte', '138 Maple Wood Crossing', '+595 992 141356', 'lbotte2p@about.com'), ('99', 'Craggie McIlwain', '5 Green Ridge Center', '+595 992 782470', 'cmcilwain2q@jugem.jp'), ('100', 'Elsinore Yearns', '641 Johnson Drive', '+595 994 309468', 'eyearns2r@princeton.edu'), ('101', 'Ingeberg Burditt', '55 Southridge Junction', '+595 992 236385', 'iburditt2s@i2i.jp'), ('102', 'Gale Dongate', '66103 Melody Lane', '+595 985 779049', 'gdongate2t@delicious.com'), ('103', 'Clementina Spellman', '657 Holy Cross Avenue', '+595 994 518079', 'cspellman2u@netlog.com'), ('104', 'Toni Maunders', '068 Huxley Circle', '+595 981 468929', 'tmaunders2v@tmall.com'), ('105', 'Belicia Rosenauer', '659 Mandrake Park', '+595 992 218566', 'brosenauer2w@opensource.org'), ('106', 'Cordula Kensley', '36023 Armistice Court', '+595 994 105684', 'ckensley2x@pbs.org'), ('107', 'Thedrick Reddoch', '357 Bayside Place', '+595 994 421023', 'treddoch2y@weebly.com'), ('108', 'Virgie Densham', '2 Truax Crossing', '+595 981 789342', 'vdensham2z@stumbleupon.com'), ('109', 'Seka Kill', '2970 Sheridan Trail', '+595 985 974764', 'skill30@foxnews.com'), ('110', 'Alano Winterscale', '80 Eastwood Lane', '+595 994 991173', 'awinterscale31@printfriendly.com'), ('111', 'Leila Quenby', '772 5th Lane', '+595 992 460773', 'lquenby32@artisteer.com'), ('112', 'Errol Velasquez', '394 Farragut Point', '+595 994 405679', 'evelasquez33@toplist.cz'), ('113', 'Andreana Prendiville', '97497 Tennessee Crossing', '+595 985 468640', 'aprendiville34@exblog.jp'), ('114', 'Jarrad Demange', '4616 Maywood Drive', '+595 985 778547', 'jdemange35@a8.net'), ('115', 'Lucinda Yitzovicz', '72757 Florence Circle', '+595 992 487516', 'lyitzovicz36@bloglovin.com'), ('116', 'Zilvia Leggon', '65607 Raven Center', '+595 985 432921', 'zleggon37@disqus.com'), ('117', 'Claudian Northley', '991 Jana Junction', '+595 994 874013', 'cnorthley38@springer.com'), ('118', 'Tucker Cuseick', '7 Fuller Way', '+595 981 642866', 'tcuseick39@discovery.com'), ('119', 'Idaline Tunnicliffe', '22 Columbus Court', '+595 981 883645', 'itunnicliffe3a@home.pl'), ('120', 'Reginauld Cecely', '26295 Hazelcrest Way', '+595 981 345409', 'rcecely3b@hhs.gov'), ('121', 'Modestia Evanson', '19266 Cordelia Place', '+595 994 268280', 'mevanson3c@phoca.cz'), ('122', 'Hermann Buddleigh', '9 Arizona Park', '+595 981 324212', 'hbuddleigh3d@soup.io'), ('123', 'Gertie Issakov', '3 Crownhardt Lane', '+595 994 984424', 'gissakov3e@tinyurl.com'), ('124', 'Babbette Bampfield', '145 Lakewood Point', '+595 994 704863', 'bbampfield3f@vkontakte.ru'), ('125', 'Dina Trevithick', '09 Hoepker Pass', '+595 994 633324', 'dtrevithick3g@cpanel.net'), ('126', 'Ives Morson', '860 Darwin Point', '+595 985 705965', 'imorson3h@meetup.com'), ('127', 'Jess Ronald', '30936 Eagan Terrace', '+595 992 346857', 'jronald3i@ted.com'), ('128', 'Kial Lipgens', '8706 Fairview Center', '+595 981 203624', 'klipgens3j@paypal.com'), ('129', 'Cybill Skirven', '26830 Arkansas Road', '+595 994 441643', 'cskirven3k@uiuc.edu'), ('130', 'Leland Riseley', '300 Veith Crossing', '+595 981 424248', 'lriseley3l@barnesandnoble.com'), ('131', 'Merle Magrannell', '619 Vera Way', '+595 994 468355', 'mmagrannell3m@tumblr.com'), ('132', 'Lissy Brigman', '716 Starling Drive', '+595 981 598676', 'lbrigman3n@patch.com'), ('133', 'Elmo Pybus', '3 Spaight Court', '+595 994 185407', 'epybus3o@unicef.org'), ('134', 'Reade Dudek', '6 Esch Parkway', '+595 985 693464', 'rdudek3p@weebly.com'), ('135', 'Kristal Queree', '619 Lakewood Gardens Junction', '+595 992 132789', 'kqueree3q@yelp.com'), ('136', 'Nadya Batrip', '26 Reinke Way', '+595 992 800126', 'nbatrip3r@yahoo.com'), ('137', 'Rudiger Terrazzo', '18 Everett Terrace', '+595 981 831638', 'rterrazzo3s@dyndns.org'), ('138', 'Sherrie MacGahey', '622 Dapin Court', '+595 994 116549', 'smacgahey3t@rediff.com'), ('139', 'Chick Humphrey', '11724 South Street', '+595 994 495399', 'chumphrey3u@vk.com'), ('140', 'Joela Beecham', '6415 Marcy Trail', '+595 992 897842', 'jbeecham3v@devhub.com'), ('141', 'Elene Adamski', '33 Meadow Valley Place', '+595 981 350888', 'eadamski3w@youku.com'), ('142', 'Lucien Kleinstern', '80 Kropf Street', '+595 985 359135', 'lkleinstern3x@scribd.com'), ('143', 'Zilvia Selley', '6 Summerview Junction', '+595 992 772449', 'zselley3y@alibaba.com'), ('144', 'Fielding Surgeoner', '311 Arrowood Terrace', '+595 992 897136', 'fsurgeoner3z@wunderground.com'), ('145', 'Neda Hearsum', '53665 3rd Pass', '+595 992 674364', 'nhearsum40@qq.com'), ('146', 'Auberon Honsch', '369 Old Gate Street', '+595 992 473574', 'ahonsch41@free.fr'), ('147', 'Marissa Doll', '3007 Hintze Crossing', '+595 981 182196', 'mdoll42@ask.com'), ('148', 'Dayle Cleiment', '30 Russell Junction', '+595 985 978017', 'dcleiment43@bloglines.com'), ('149', 'Frankie McGilbon', '8315 Algoma Road', '+595 985 279970', 'fmcgilbon44@state.gov'), ('150', 'Templeton Maddie', '22 Packers Plaza', '+595 992 176018', 'tmaddie45@51.la'), ('151', 'Jana Thowless', '46584 Bluestem Road', '+595 985 180665', 'jthowless46@amazon.de'), ('152', 'Andeee Scotchbourouge', '38260 Barnett Hill', '+595 994 290939', 'ascotchbourouge47@unesco.org'), ('153', 'Ursulina Duckett', '84 Erie Place', '+595 981 144687', 'uduckett48@goodreads.com'), ('154', 'Ilyssa Gosnold', '612 Lakewood Lane', '+595 985 581457', 'igosnold49@godaddy.com'), ('155', 'Beth Tardiff', '107 Lukken Avenue', '+595 981 787464', 'btardiff4a@biglobe.ne.jp'), ('156', 'Brita Duffan', '0676 Longview Circle', '+595 992 360247', 'bduffan4b@lycos.com'), ('157', 'Bethina Wigglesworth', '753 Old Shore Trail', '+595 985 715993', 'bwigglesworth4c@skype.com'), ('158', 'Lari Klaas', '0 Cascade Plaza', '+595 981 958895', 'lklaas4d@gizmodo.com'), ('159', 'Boris Seak', '8 Norway Maple Court', '+595 981 462244', 'bseak4e@bbc.co.uk'), ('160', 'Barbara-anne Branch', '07 Menomonie Place', '+595 981 137633', 'bbranch4f@360.cn'), ('161', 'Norbie Barlace', '54 Petterle Circle', '+595 994 948308', 'nbarlace4g@sfgate.com'), ('162', 'Morgan Unsworth', '89444 Moose Court', '+595 981 430745', 'munsworth4h@macromedia.com'), ('163', 'Iris Fildery', '689 Kings Hill', '+595 985 626399', 'ifildery4i@elpais.com'), ('164', 'Consuela Hambribe', '653 Anniversary Place', '+595 992 962825', 'chambribe4j@ustream.tv'), ('165', 'Alix Grellier', '55793 Lake View Plaza', '+595 992 610479', 'agrellier4k@lycos.com'), ('166', 'Jamima Laxton', '7 Derek Parkway', '+595 992 700202', 'jlaxton4l@accuweather.com'), ('167', 'Amity Greser', '8 Blackbird Parkway', '+595 981 954763', 'agreser4m@virginia.edu'), ('168', 'Reiko Crowcher', '15790 Menomonie Parkway', '+595 992 418573', 'rcrowcher4n@naver.com'), ('169', 'Glendon Dalgetty', '4498 Cody Plaza', '+595 981 384907', 'gdalgetty4o@tamu.edu'), ('170', 'Blake Balfe', '959 Mariners Cove Place', '+595 992 439401', 'bbalfe4p@microsoft.com'), ('171', 'Jeanine Aspinal', '261 Monument Plaza', '+595 981 157956', 'jaspinal4q@scribd.com'), ('172', 'Filippa Blevin', '43 Sullivan Center', '+595 992 629170', 'fblevin4r@businesswire.com'), ('173', 'Natalee Caghy', '0 Hovde Drive', '+595 985 700334', 'ncaghy4s@photobucket.com'), ('174', 'Averell Mapowder', '6155 Fieldstone Street', '+595 981 924542', 'amapowder4t@macromedia.com'), ('175', 'Kori Emanulsson', '17 Steensland Center', '+595 994 893786', 'kemanulsson4u@addtoany.com'), ('176', 'Hall Tompkins', '3816 Haas Circle', '+595 985 109134', 'htompkins4v@vistaprint.com'), ('177', 'Hillary Alvar', '7165 Scoville Lane', '+595 981 293723', 'halvar4w@smh.com.au'), ('178', 'Doralin Fawdry', '2554 Iowa Alley', '+595 985 508526', 'dfawdry4x@1688.com'), ('179', 'Westleigh Houndesome', '8 Randy Center', '+595 981 166974', 'whoundesome4y@prweb.com'), ('180', 'Brooks Reddyhoff', '5370 Gerald Park', '+595 981 316907', 'breddyhoff4z@cnet.com'), ('181', 'Dallis Olyfat', '77 Russell Lane', '+595 981 724629', 'dolyfat50@ocn.ne.jp'), ('182', 'Teodoor Theaker', '5 Calypso Hill', '+595 981 600232', 'ttheaker51@google.co.uk'), ('183', 'Nessy Tettley', '5 Dawn Street', '+595 994 926532', 'ntettley52@weebly.com'), ('184', 'Carmelle Elrick', '42080 Northwestern Street', '+595 994 414927', 'celrick53@gov.uk'), ('185', 'Derk Bonsall', '1157 Little Fleur Center', '+595 994 686228', 'dbonsall54@newsvine.com'), ('186', 'Sibella Joslow', '576 Kipling Terrace', '+595 992 817097', 'sjoslow55@51.la'), ('187', 'Tann Swires', '41 Prentice Road', '+595 994 555260', 'tswires56@hugedomains.com'), ('188', 'Lukas Lukasen', '7 Schmedeman Point', '+595 985 170769', 'llukasen57@chron.com'), ('189', 'Patty Godwyn', '843 Dawn Circle', '+595 992 224933', 'pgodwyn58@desdev.cn'), ('190', 'Dyanne Thirtle', '7 Lotheville Park', '+595 985 533926', 'dthirtle59@examiner.com'), ('191', 'Jacquelynn Lashmar', '42 Southridge Parkway', '+595 992 901067', 'jlashmar5a@dailymail.co.uk'), ('192', 'Ced Marconi', '6728 Sloan Circle', '+595 985 717536', 'cmarconi5b@adobe.com'), ('193', 'Tracey Rittelmeyer', '6 Parkside Junction', '+595 981 127586', 'trittelmeyer5c@ebay.com'), ('194', 'Gannie Spier', '73 Morningstar Hill', '+595 992 213262', 'gspier5d@indiegogo.com'), ('195', 'Karoly Trimming', '23802 Sullivan Point', '+595 994 704727', 'ktrimming5e@vinaora.com'), ('196', 'Annemarie Corlett', '0 Badeau Pass', '+595 981 858849', 'acorlett5f@constantcontact.com'), ('197', 'Rupert Milazzo', '84538 Maple Park', '+595 981 442368', 'rmilazzo5g@nps.gov'), ('198', 'Giacobo Hestrop', '0587 Lakewood Trail', '+595 985 722639', 'ghestrop5h@de.vu'), ('199', 'Carlo Dominec', '705 4th Street', '+595 985 498677', 'cdominec5i@amazon.co.uk'), ('200', 'Ennis Bramhill', '785 Lerdahl Terrace', '+595 994 581494', 'ebramhill5j@berkeley.edu'), ('201', 'Gilberta Von Salzberg', '3 Calypso Road', '+595 985 215017', 'gvon5k@hatena.ne.jp'), ('202', 'Tomi Bratton', '5990 Helena Center', '+595 994 127839', 'tbratton5l@sbwire.com'), ('203', 'Vania Costy', '681 Buena Vista Road', '+595 994 757037', 'vcosty5m@yahoo.com'), ('204', 'Saxon Penlington', '010 Clove Plaza', '+595 985 107299', 'spenlington5n@123-reg.co.uk'), ('205', 'Hans Cunnington', '3517 Drewry Center', '+595 992 734134', 'hcunnington5o@princeton.edu'), ('206', 'Jeddy Catling', '6 Vahlen Parkway', '+595 994 415488', 'jcatling5p@sciencedirect.com'), ('207', 'Cicily Bibey', '78 Schmedeman Point', '+595 985 527122', 'cbibey5q@elegantthemes.com'), ('208', 'Delmore Pietsma', '32 Vahlen Crossing', '+595 985 271121', 'dpietsma5r@is.gd'), ('209', 'Carolynn Crighton', '45016 Coleman Crossing', '+595 985 787836', 'ccrighton5s@epa.gov'), ('210', 'Arman Boken', '75315 Shopko Trail', '+595 992 190634', 'aboken5t@amazon.com'), ('211', 'Mendy Todarello', '459 Melvin Plaza', '+595 992 123095', 'mtodarello5u@wikipedia.org'), ('212', 'Monro Milksop', '6 Golf View Place', '+595 994 256370', 'mmilksop5v@diigo.com'), ('213', 'Honoria Thurston', '778 Dixon Junction', '+595 985 964627', 'hthurston5w@abc.net.au'), ('214', 'Scot Hurne', '0796 Sloan Alley', '+595 992 910314', 'shurne5x@alibaba.com'), ('215', 'Beitris Malitrott', '4220 8th Lane', '+595 994 787163', 'bmalitrott5y@wisc.edu'), ('216', 'Alameda Louche', '132 Butterfield Way', '+595 985 509028', 'alouche5z@simplemachines.org'), ('217', 'Durante Klaes', '420 Michigan Pass', '+595 992 987778', 'dklaes60@weibo.com'), ('218', 'Linnell Cancutt', '80 Sauthoff Hill', '+595 985 316776', 'lcancutt61@opensource.org'), ('219', 'Huey Lansberry', '60198 Golf Course Drive', '+595 981 982789', 'hlansberry62@shop-pro.jp'), ('220', 'Neddie Kiraly', '85 Hanson Crossing', '+595 992 551559', 'nkiraly63@elegantthemes.com'), ('221', 'Evin Bond', '07 Duke Center', '+595 992 314366', 'ebond64@cdc.gov'), ('222', 'Kyle Islep', '0951 Westerfield Park', '+595 992 499856', 'kislep65@squidoo.com'), ('223', 'Loren Philbrick', '4348 Cody Road', '+595 985 568183', 'lphilbrick66@globo.com'), ('224', 'Lari Ellams', '31 1st Plaza', '+595 994 111827', 'lellams67@buzzfeed.com'), ('225', 'Erie Darwood', '8 Marquette Place', '+595 985 418110', 'edarwood68@statcounter.com'), ('226', 'Fannie Lackeye', '7 Northwestern Circle', '+595 992 558759', 'flackeye69@geocities.com'), ('227', 'Vivian Clow', '5955 Karstens Hill', '+595 981 396333', 'vclow6a@mozilla.org'), ('228', 'Luciana Shrubsall', '1 Laurel Drive', '+595 985 418282', 'lshrubsall6b@imdb.com'), ('229', 'Teador Heape', '56496 Summit Alley', '+595 981 996499', 'theape6c@zdnet.com'), ('230', 'Tomi Eccleshall', '9744 Columbus Plaza', '+595 981 308956', 'teccleshall6d@flickr.com'), ('231', 'Wren Lissandre', '216 Cambridge Junction', '+595 985 353456', 'wlissandre6e@paginegialle.it'), ('232', 'Aubrette Selway', '08 Chinook Hill', '+595 981 681339', 'aselway6f@alexa.com'), ('233', 'Emmet McCotter', '7 Buell Drive', '+595 985 271322', 'emccotter6g@hexun.com'), ('234', 'Tim Barwise', '652 Sherman Road', '+595 992 669823', 'tbarwise6h@google.ca'), ('235', 'Katharina Ransome', '7 Granby Terrace', '+595 992 429259', 'kransome6i@reddit.com'), ('236', 'Jess Alpine', '044 Daystar Way', '+595 992 380321', 'jalpine6j@jigsy.com'), ('237', 'Brocky Dockerty', '9 Summerview Junction', '+595 994 700334', 'bdockerty6k@hatena.ne.jp'), ('238', 'Dillon Noweak', '52 Dixon Lane', '+595 985 775962', 'dnoweak6l@microsoft.com'), ('239', 'Lorne Keddey', '23985 Brickson Park Pass', '+595 981 770515', 'lkeddey6m@un.org'), ('240', 'Katusha Rooney', '4 Pepper Wood Street', '+595 994 461496', 'krooney6n@tuttocitta.it'), ('241', 'Gabriella Pedel', '11935 Northview Pass', '+595 992 808567', 'gpedel6o@squarespace.com'), ('242', 'Edmon Alberts', '6926 Lunder Crossing', '+595 992 526987', 'ealberts6p@addtoany.com'), ('243', 'Max Treweela', '4 Huxley Parkway', '+595 981 299829', 'mtreweela6q@youtube.com'), ('244', 'Jennica Waye', '23523 Hintze Way', '+595 992 487441', 'jwaye6r@discuz.net'), ('245', 'Chrysler Blythe', '0 Longview Plaza', '+595 994 744714', 'cblythe6s@mtv.com'), ('246', 'Maggie Norheny', '09132 Calypso Circle', '+595 994 738700', 'mnorheny6t@altervista.org'), ('247', 'Pattie Kinnon', '68 Mcbride Junction', '+595 981 597401', 'pkinnon6u@umich.edu'), ('248', 'Kristal Siggs', '23 Vera Pass', '+595 985 218913', 'ksiggs6v@constantcontact.com'), ('249', 'Brenden Millwall', '03 Mockingbird Avenue', '+595 985 523540', 'bmillwall6w@google.com.br'), ('250', 'Sampson Stearnes', '0 American Ash Park', '+595 994 188699', 'sstearnes6x@samsung.com'), ('251', 'Noble Royds', '72 Dexter Terrace', '+595 985 506663', 'nroyds6y@google.pl'), ('252', 'Sherm Physic', '818 Arkansas Trail', '+595 985 950110', 'sphysic6z@ifeng.com'), ('253', 'Tiffi Joliffe', '5653 Aberg Plaza', '+595 985 728097', 'tjoliffe70@skyrock.com'), ('254', 'Tabitha Blaxall', '85 8th Place', '+595 985 999815', 'tblaxall71@skype.com'), ('255', 'Yovonnda Quinby', '5751 Dottie Center', '+595 981 263088', 'yquinby72@github.com'), ('256', 'Stefania Habbal', '4926 Buell Drive', '+595 985 155151', 'shabbal73@google.com.br'), ('257', 'Wain Mincher', '9879 Esker Way', '+595 992 128220', 'wmincher74@ustream.tv'), ('258', 'Si Doel', '9 Village Green Terrace', '+595 985 659505', 'sdoel75@fc2.com'), ('259', 'Gerrard Keppy', '7824 Fulton Hill', '+595 994 363598', 'gkeppy76@uiuc.edu'), ('260', 'Bobbee McGonnell', '464 2nd Road', '+595 985 949639', 'bmcgonnell77@ibm.com'), ('261', 'Hercules Hutchins', '0655 Ryan Circle', '+595 981 538964', 'hhutchins78@yahoo.co.jp'), ('262', 'Wood Harwick', '09444 Raven Terrace', '+595 985 842524', 'wharwick79@google.ru'), ('263', 'Meghann Lippi', '50 Clove Avenue', '+595 992 335679', 'mlippi7a@google.fr'), ('264', 'Darby Burgyn', '1694 Cordelia Crossing', '+595 992 143561', 'dburgyn7b@google.co.uk'), ('265', 'Carlie Searle', '6 Anniversary Center', '+595 981 824203', 'csearle7c@bizjournals.com'), ('266', 'Averell Daniell', '33010 Hanover Drive', '+595 981 327138', 'adaniell7d@businessweek.com'), ('267', 'Veradis Toynbee', '3 Roxbury Point', '+595 981 275941', 'vtoynbee7e@blogtalkradio.com'), ('268', 'Brier Sheeres', '4183 Moose Lane', '+595 992 629531', 'bsheeres7f@craigslist.org'), ('269', 'Leicester Handrik', '90487 Fair Oaks Center', '+595 981 291562', 'lhandrik7g@globo.com'), ('270', 'Felecia Dabrowski', '134 Florence Trail', '+595 994 233116', 'fdabrowski7h@usa.gov'), ('271', 'Craig Merrien', '816 Moland Pass', '+595 985 487479', 'cmerrien7i@cdc.gov'), ('272', 'Darby Pither', '823 Sloan Center', '+595 992 677796', 'dpither7j@mit.edu'), ('273', 'Theresa Peiro', '4606 Bunker Hill Way', '+595 981 538337', 'tpeiro7k@eventbrite.com'), ('274', 'Corie Olenikov', '388 Cardinal Junction', '+595 985 952145', 'colenikov7l@state.tx.us'), ('275', 'Correy de Quesne', '4 Fremont Park', '+595 985 180006', 'cde7m@networksolutions.com'), ('276', 'Timmie McLagain', '6 Anniversary Hill', '+595 994 206172', 'tmclagain7n@microsoft.com'), ('277', 'Mimi Aubert', '845 Lakewood Gardens Lane', '+595 992 302510', 'maubert7o@sciencedaily.com'), ('278', 'Elvin Agnolo', '05128 Mallory Drive', '+595 992 196467', 'eagnolo7p@google.ru'), ('279', 'Hermina Phalp', '0358 Alpine Drive', '+595 981 678749', 'hphalp7q@issuu.com'), ('280', 'Aristotle Peppett', '8 Main Alley', '+595 985 623289', 'apeppett7r@vkontakte.ru'), ('281', 'Marthena Daintier', '07 7th Pass', '+595 981 241691', 'mdaintier7s@dion.ne.jp'), ('282', 'Giraud Marchant', '8276 Straubel Way', '+595 985 429198', 'gmarchant7t@mtv.com'), ('283', 'Nikolaos Lyddon', '6370 Sunbrook Crossing', '+595 992 211287', 'nlyddon7u@zdnet.com'), ('284', 'Lauren Tanswell', '06 Sutteridge Court', '+595 985 570702', 'ltanswell7v@usnews.com'), ('285', 'Smith Demangeot', '7472 Bartelt Junction', '+595 981 475233', 'sdemangeot7w@bandcamp.com'), ('286', 'Ermin Martinot', '69 Hooker Trail', '+595 985 730965', 'emartinot7x@salon.com'), ('287', 'Margo Oxe', '1455 Longview Drive', '+595 981 384086', 'moxe7y@jiathis.com'), ('288', 'Jephthah Kermit', '13120 Westerfield Trail', '+595 994 725821', 'jkermit7z@wisc.edu'), ('289', 'Kimberlee Ellington', '77238 Dahle Court', '+595 981 692843', 'kellington80@istockphoto.com'), ('290', 'Alvin Friett', '2 Merchant Point', '+595 985 915533', 'afriett81@sitemeter.com'), ('291', 'Katee Bulteel', '4 Monument Pass', '+595 992 626589', 'kbulteel82@ehow.com'), ('292', 'Ive Laffan', '1 Cardinal Center', '+595 994 291402', 'ilaffan83@wp.com'), ('293', 'Perle Robecon', '22992 Westend Alley', '+595 992 700680', 'probecon84@sina.com.cn'), ('294', 'Willette Stow', '26 Waubesa Park', '+595 992 735612', 'wstow85@unesco.org'), ('295', 'Normie Lamy', '2769 Oriole Crossing', '+595 992 187648', 'nlamy86@tinypic.com'), ('296', 'Cirstoforo Dagleas', '87 Coleman Street', '+595 985 975713', 'cdagleas87@twitpic.com'), ('297', 'Brigitta Verlinden', '3 Bartillon Plaza', '+595 994 943169', 'bverlinden88@fastcompany.com'), ('298', 'Alphonse Tandy', '7 Nancy Junction', '+595 992 544902', 'atandy89@dot.gov'), ('299', 'Jody Corona', '59 Fieldstone Pass', '+595 994 935883', 'jcorona8a@techcrunch.com'), ('300', 'Gerek Hoyle', '4 Petterle Trail', '+595 981 486685', 'ghoyle8b@fc2.com'), ('301', 'Frannie Elener', '4 Maple Wood Junction', '+595 994 317370', 'felener8c@dedecms.com'), ('302', 'Neils Morando', '261 Hoepker Pass', '+595 992 580127', 'nmorando8d@lulu.com'), ('303', 'Zora Sute', '76 West Pass', '+595 994 950724', 'zsute8e@symantec.com'), ('304', 'Reba Torre', '21 Independence Way', '+595 992 750146', 'rtorre8f@japanpost.jp'), ('305', 'Cindie Prendiville', '6 Macpherson Park', '+595 994 262031', 'cprendiville8g@list-manage.com'), ('306', 'Edward Duplain', '193 Menomonie Drive', '+595 981 905744', 'eduplain8h@seesaa.net'), ('307', 'Reggy Southwell', '413 Crowley Center', '+595 992 587456', 'rsouthwell8i@nifty.com'), ('308', 'Bari Descroix', '2404 Messerschmidt Lane', '+595 985 432935', 'bdescroix8j@rambler.ru'), ('309', 'Madelin Fitzsymon', '73991 Menomonie Pass', '+595 992 944883', 'mfitzsymon8k@github.com'), ('310', 'Cathlene Durran', '0886 Comanche Lane', '+595 981 311736', 'cdurran8l@1und1.de'), ('311', 'Ingar Robard', '763 Donald Hill', '+595 981 508179', 'irobard8m@symantec.com'), ('312', 'Vernen Allflatt', '243 Lyons Alley', '+595 992 989086', 'vallflatt8n@adobe.com'), ('313', 'Grover Sagg', '518 Lake View Park', '+595 985 962800', 'gsagg8o@earthlink.net'), ('314', 'Emmie Badam', '5 Lighthouse Bay Drive', '+595 994 223465', 'ebadam8p@seesaa.net'), ('315', 'Asa Newnham', '5135 Moulton Street', '+595 992 455513', 'anewnham8q@nydailynews.com'), ('316', 'Meggy Sephton', '1 Schiller Place', '+595 994 774928', 'msephton8r@senate.gov'), ('317', 'Aharon Ham', '7805 Barby Trail', '+595 981 608813', 'aham8s@dedecms.com'), ('318', 'Brinn Jose', '48 4th Alley', '+595 981 696411', 'bjose8t@is.gd'), ('319', 'Conny Demko', '54 Forster Avenue', '+595 992 522038', 'cdemko8u@studiopress.com'), ('320', 'Fionna Reggler', '0129 Jay Way', '+595 992 248042', 'freggler8v@epa.gov'), ('321', 'Nariko Churms', '9 Forest Run Pass', '+595 994 830240', 'nchurms8w@flavors.me'), ('322', 'Aubree Gobel', '99 Fordem Center', '+595 994 432563', 'agobel8x@seattletimes.com'), ('323', 'Osmond Prophet', '914 Erie Point', '+595 981 428550', 'oprophet8y@google.com'), ('324', 'Pia Galer', '1290 Center Terrace', '+595 981 325156', 'pgaler8z@mysql.com'), ('325', 'Christoper Inkster', '4 Parkside Center', '+595 992 651526', 'cinkster90@slideshare.net'), ('326', 'Micheal Minear', '84557 Holmberg Parkway', '+595 985 971690', 'mminear91@skype.com'), ('327', 'Maurice Coke', '26 Fordem Crossing', '+595 985 710180', 'mcoke92@cnn.com'), ('328', 'Noe Chainey', '5 Bultman Road', '+595 994 637242', 'nchainey93@pinterest.com'), ('329', 'Anjela Szanto', '38492 Washington Plaza', '+595 992 598771', 'aszanto94@nature.com'), ('330', 'Ashia Eales', '276 Eliot Terrace', '+595 994 432780', 'aeales95@ebay.com'), ('331', 'Madlin Bysshe', '1684 Colorado Pass', '+595 985 540765', 'mbysshe96@wordpress.org'), ('332', 'Baxie Zollner', '0 Mosinee Place', '+595 994 568389', 'bzollner97@yellowbook.com'), ('333', 'Mariette Cartan', '15 Walton Alley', '+595 985 593043', 'mcartan98@cyberchimps.com'), ('334', 'Dimitry Winward', '23 Talmadge Parkway', '+595 994 785181', 'dwinward99@mapy.cz'), ('335', 'Margit Oxe', '8375 Stone Corner Pass', '+595 994 617183', 'moxe9a@photobucket.com'), ('336', 'Ewan Isakson', '90 Iowa Place', '+595 994 818662', 'eisakson9b@bloglovin.com'), ('337', 'Jany Fancott', '5 Carpenter Drive', '+595 994 741380', 'jfancott9c@miibeian.gov.cn'), ('338', 'Cyrille Graybeal', '3 Vermont Junction', '+595 981 304340', 'cgraybeal9d@photobucket.com'), ('339', 'Rodrick Teaser', '1 Westport Lane', '+595 981 356762', 'rteaser9e@histats.com'), ('340', 'Amandy Kepe', '8 Lien Terrace', '+595 994 720577', 'akepe9f@google.cn'), ('341', 'Jeff Collop', '43 Veith Alley', '+595 994 232965', 'jcollop9g@wp.com'), ('342', 'Mattie Stych', '72350 Michigan Place', '+595 985 151558', 'mstych9h@uiuc.edu'), ('343', 'Marie-ann Cotesford', '2 Menomonie Drive', '+595 994 860047', 'mcotesford9i@cam.ac.uk'), ('344', 'Francisca Fletcher', '2 Goodland Circle', '+595 994 871220', 'ffletcher9j@devhub.com'), ('345', 'Alwin Clynter', '646 Manley Circle', '+595 985 498784', 'aclynter9k@cam.ac.uk'), ('346', 'Aldridge Tace', '620 Delladonna Center', '+595 981 927215', 'atace9l@bloglovin.com'), ('347', 'Faustina Snoddy', '34 Emmet Park', '+595 994 823565', 'fsnoddy9m@admin.ch'), ('348', 'Lorin Dowyer', '4 Goodland Terrace', '+595 985 121045', 'ldowyer9n@deviantart.com'), ('349', 'Aurelea Edrich', '202 Shopko Plaza', '+595 992 792188', 'aedrich9o@symantec.com'), ('350', 'Dominica Trevaskus', '9 Elmside Alley', '+595 981 262347', 'dtrevaskus9p@arstechnica.com'), ('351', 'Querida Riley', '92 New Castle Place', '+595 994 409934', 'qriley9q@uiuc.edu'), ('352', 'Solly Coldham', '850 Ridge Oak Terrace', '+595 992 435485', 'scoldham9r@slideshare.net'), ('353', 'Bobby de Courcy', '04513 Fulton Point', '+595 994 555202', 'bde9s@soundcloud.com'), ('354', 'Belicia Silverthorn', '27 Holy Cross Road', '+595 992 707750', 'bsilverthorn9t@amazon.de'), ('355', 'Frieda Jedrych', '3620 Browning Way', '+595 992 943353', 'fjedrych9u@fotki.com'), ('356', 'Jolie Sever', '49 Susan Drive', '+595 992 868933', 'jsever9v@auda.org.au'), ('357', 'Hanni Farnon', '5602 Schurz Circle', '+595 981 152853', 'hfarnon9w@sciencedirect.com'), ('358', 'Aida Sullens', '959 Golf Circle', '+595 992 553305', 'asullens9x@nymag.com'), ('359', 'Bruis Brooksbank', '5862 Arizona Court', '+595 981 332079', 'bbrooksbank9y@cloudflare.com'), ('360', 'Jess Gellibrand', '5 Randy Trail', '+595 994 498945', 'jgellibrand9z@unblog.fr'), ('361', 'Rasla Manneville', '0739 Northridge Pass', '+595 985 822553', 'rmannevillea0@paypal.com'), ('362', 'Rianon Parlatt', '08 Grasskamp Road', '+595 981 608963', 'rparlatta1@slideshare.net'), ('363', 'Licha Armatidge', '289 North Circle', '+595 992 965603', 'larmatidgea2@angelfire.com'), ('364', 'Amandi Luetchford', '065 Armistice Parkway', '+595 994 734197', 'aluetchforda3@gov.uk'), ('365', 'Thatch Brookes', '4342 Russell Way', '+595 985 384345', 'tbrookesa4@oracle.com'), ('366', 'Francene Follows', '86 Randy Crossing', '+595 985 361439', 'ffollowsa5@g.co'), ('367', 'Lynda Brick', '904 Buena Vista Drive', '+595 981 336965', 'lbricka6@elegantthemes.com'), ('368', 'Paquito McLaughlan', '636 Pennsylvania Circle', '+595 981 262439', 'pmclaughlana7@fema.gov'), ('369', 'Pegeen Duquesnay', '56042 Dwight Point', '+595 994 803009', 'pduquesnaya8@nydailynews.com'), ('370', 'Leoline Coysh', '8 Warbler Street', '+595 981 661811', 'lcoysha9@mail.ru'), ('371', 'Cathe Tough', '912 Rieder Parkway', '+595 981 175118', 'ctoughaa@seesaa.net'), ('372', 'Christie Blagden', '04 New Castle Trail', '+595 992 100947', 'cblagdenab@stanford.edu'), ('373', 'Gothart Wolford', '67234 Cody Pass', '+595 992 595888', 'gwolfordac@weebly.com'), ('374', 'Charisse Ventham', '1 Talmadge Trail', '+595 992 560232', 'cventhamad@soundcloud.com'), ('375', 'Shaughn Nolli', '3929 Farwell Center', '+595 992 891704', 'snolliae@yelp.com'), ('376', 'Griswold Jacklin', '300 Burrows Pass', '+595 981 306681', 'gjacklinaf@uol.com.br'), ('377', 'Cherish Tock', '9 Mallory Drive', '+595 992 541988', 'ctockag@princeton.edu'), ('378', 'Morton Crewdson', '04 Becker Road', '+595 985 846750', 'mcrewdsonah@hubpages.com'), ('379', 'Victoir Penella', '959 Di Loreto Terrace', '+595 981 235101', 'vpenellaai@wix.com'), ('380', 'Gena Dawidman', '7 Haas Junction', '+595 985 745076', 'gdawidmanaj@wunderground.com'), ('381', 'Terencio Aupol', '6 Bobwhite Avenue', '+595 981 678110', 'taupolak@japanpost.jp'), ('382', 'Cornie Royal', '2299 Moland Street', '+595 994 123648', 'croyalal@eepurl.com'), ('383', 'Hi Pellatt', '0 Spohn Junction', '+595 981 813957', 'hpellattam@gizmodo.com'), ('384', 'Diahann Kett', '864 Ridgeway Center', '+595 985 446948', 'dkettan@example.com'), ('385', 'Kimbra Print', '96823 Holmberg Way', '+595 981 953134', 'kprintao@ning.com'), ('386', 'Tudor Embleton', '80 Corben Point', '+595 981 811200', 'tembletonap@sun.com'), ('387', 'Eryn Zute', '345 Westend Circle', '+595 985 892429', 'ezuteaq@wikia.com'), ('388', 'Adolphe Lillo', '5 Division Lane', '+595 992 802959', 'alilloar@odnoklassniki.ru'), ('389', 'Carri Haddeston', '62226 Dryden Avenue', '+595 994 292936', 'chaddestonas@artisteer.com'), ('390', 'Chaddy Degoy', '51 Spohn Pass', '+595 985 274315', 'cdegoyat@usatoday.com'), ('391', 'Chandra Kmicicki', '1 Manley Center', '+595 985 150200', 'ckmicickiau@time.com'), ('392', 'Forbes Gentery', '94012 Northridge Park', '+595 985 891739', 'fgenteryav@list-manage.com'), ('393', 'Cleo Rettie', '0294 Morrow Plaza', '+595 992 381938', 'crettieaw@facebook.com'), ('394', 'Aile Joskovitch', '093 North Junction', '+595 985 350220', 'ajoskovitchax@a8.net'), ('395', 'Miriam Littley', '8935 Farmco Pass', '+595 992 778571', 'mlittleyay@artisteer.com'), ('396', 'Micky Sperring', '00753 Maywood Trail', '+595 992 852864', 'msperringaz@howstuffworks.com'), ('397', 'Rayner Vinter', '887 Esker Terrace', '+595 981 177788', 'rvinterb0@japanpost.jp'), ('398', 'Kareem Yarranton', '81282 Veith Way', '+595 985 256400', 'kyarrantonb1@mapquest.com'), ('399', 'Ailina Margerison', '74752 Norway Maple Junction', '+595 981 867644', 'amargerisonb2@independent.co.uk'), ('400', 'Murdoch Chatt', '4791 Grasskamp Lane', '+595 992 581065', 'mchattb3@buzzfeed.com'), ('401', 'Elsa Seaking', '5991 Bonner Junction', '+595 981 411650', 'eseakingb4@slideshare.net'), ('402', 'Alison MacGiolla Pheadair', '2 Sutteridge Trail', '+595 981 599248', 'amacgiollab5@xing.com'), ('403', 'Donavon Lyle', '9 Cascade Center', '+595 994 958027', 'dlyleb6@stumbleupon.com'), ('404', 'Gunner St. Hill', '57669 Merchant Center', '+595 992 914823', 'gstb7@examiner.com'), ('405', 'Obadiah Feld', '7 Scott Circle', '+595 992 183617', 'ofeldb8@ezinearticles.com'), ('406', 'Papageno Jouanet', '5 Chinook Junction', '+595 992 692631', 'pjouanetb9@cdc.gov'), ('407', 'Augie Flori', '0228 Kensington Lane', '+595 994 402029', 'afloriba@flickr.com'), ('408', 'Brittney Boone', '291 Rutledge Center', '+595 985 807581', 'bboonebb@chron.com'), ('409', 'Nappie Hunston', '7 Heffernan Terrace', '+595 992 326164', 'nhunstonbc@nhs.uk'), ('410', 'Eolanda Goodayle', '16 Sachs Center', '+595 994 334674', 'egoodaylebd@arstechnica.com'), ('411', 'Ricki Tregenna', '15224 Clemons Parkway', '+595 992 565911', 'rtregennabe@google.cn'), ('412', 'Patrice Millsom', '2 Redwing Street', '+595 985 194362', 'pmillsombf@opensource.org'), ('413', 'Marlene Feore', '49350 Utah Road', '+595 981 922248', 'mfeorebg@cam.ac.uk'), ('414', 'Joachim Tremoille', '3 Arrowood Junction', '+595 981 154108', 'jtremoillebh@mit.edu'), ('415', 'Euell Di Maggio', '7085 Birchwood Crossing', '+595 985 629453', 'edibi@last.fm'), ('416', 'Jeri Titmarsh', '22480 Truax Crossing', '+595 992 245522', 'jtitmarshbj@utexas.edu'), ('417', 'Audrye Orris', '6550 Fairfield Plaza', '+595 994 365615', 'aorrisbk@nbcnews.com'), ('418', 'Carolynn Dewerson', '9806 Fuller Lane', '+595 994 499835', 'cdewersonbl@meetup.com'), ('419', 'Rebekah Pasby', '6432 Thackeray Crossing', '+595 994 451976', 'rpasbybm@tripadvisor.com'), ('420', 'Thatch Rylands', '8482 Lunder Junction', '+595 981 187927', 'trylandsbn@usda.gov'), ('421', 'Sonnie Northridge', '09290 Hansons Alley', '+595 994 901617', 'snorthridgebo@vimeo.com'), ('422', 'Felix Willgoss', '727 Surrey Drive', '+595 992 608153', 'fwillgossbp@de.vu'), ('423', 'Marlie Wort', '232 Paget Drive', '+595 985 613774', 'mwortbq@si.edu'), ('424', 'Graeme MacCaig', '92202 Village Green Street', '+595 985 754485', 'gmaccaigbr@xrea.com'), ('425', 'Alberik Giacomi', '708 Luster Lane', '+595 985 707117', 'agiacomibs@wp.com'), ('426', 'Caresa Haswall', '658 Harbort Plaza', '+595 981 510959', 'chaswallbt@dropbox.com'), ('427', 'Jorgan Sirrell', '6 Barby Junction', '+595 985 810704', 'jsirrellbu@soup.io'), ('428', 'Lazarus Leagas', '754 Loftsgordon Circle', '+595 994 843260', 'lleagasbv@yellowpages.com'), ('429', 'Gillian Littledyke', '70 Michigan Parkway', '+595 981 862053', 'glittledykebw@mozilla.org'), ('430', 'Stern Edgington', '5821 Main Avenue', '+595 992 432401', 'sedgingtonbx@hp.com'), ('431', 'Deonne Biernacki', '87016 Sunbrook Circle', '+595 981 341042', 'dbiernackiby@infoseek.co.jp'), ('432', 'Carlye Narracott', '81 Trailsway Court', '+595 985 754042', 'cnarracottbz@indiatimes.com'), ('433', 'Florenza Fricker', '21926 Fremont Alley', '+595 994 505075', 'ffrickerc0@fc2.com'), ('434', 'Dorella Le Surf', '86844 Bowman Point', '+595 992 646353', 'dlec1@homestead.com'), ('435', 'Kassandra Rolfo', '13 Portage Way', '+595 994 234478', 'krolfoc2@washington.edu'), ('436', 'Pavla Fibbings', '0726 Shoshone Trail', '+595 992 619079', 'pfibbingsc3@nydailynews.com'), ('437', 'Mirabel Pigny', '0 Rutledge Center', '+595 992 995927', 'mpignyc4@wikispaces.com'), ('438', 'Esra Nelthrop', '33498 Stephen Avenue', '+595 994 493496', 'enelthropc5@jalbum.net'), ('439', 'Duffy Sartain', '723 Buell Hill', '+595 985 866962', 'dsartainc6@xrea.com'), ('440', 'Honoria Izkovitz', '53841 Bonner Circle', '+595 992 239513', 'hizkovitzc7@sciencedirect.com'), ('441', 'Joana Vynall', '6 Bellgrove Plaza', '+595 981 198760', 'jvynallc8@artisteer.com'), ('442', 'Joeann Dillicate', '578 Valley Edge Circle', '+595 994 184669', 'jdillicatec9@altervista.org'), ('443', 'Jaquith Ruslin', '70514 Schlimgen Street', '+595 992 140216', 'jruslinca@rediff.com'), ('444', 'Giulietta McAirt', '13 Rockefeller Crossing', '+595 994 167934', 'gmcairtcb@google.pl'), ('445', 'Ennis Cino', '9 Manitowish Alley', '+595 992 132381', 'ecinocc@ovh.net'), ('446', 'Stephenie Seleway', '9458 Upham Street', '+595 985 263345', 'sselewaycd@seesaa.net'), ('447', 'Cristin Mawhinney', '96657 Iowa Lane', '+595 981 517254', 'cmawhinneyce@deliciousdays.com'), ('448', 'Mechelle Togwell', '50836 Warner Junction', '+595 992 325892', 'mtogwellcf@joomla.org'), ('449', 'Sean Caines', '50533 Fisk Terrace', '+595 992 222972', 'scainescg@themeforest.net'), ('450', 'Ethelred Aspden', '69 Gina Avenue', '+595 992 193065', 'easpdench@webnode.com'), ('451', 'Mike Khadir', '68098 Myrtle Place', '+595 994 222583', 'mkhadirci@army.mil'), ('452', 'Carin Walshe', '78398 Express Road', '+595 992 634812', 'cwalshecj@cisco.com'), ('453', 'Channa Hallen', '83 Birchwood Drive', '+595 992 605449', 'challenck@free.fr'), ('454', 'Malynda Innett', '1 Pond Plaza', '+595 992 686379', 'minnettcl@barnesandnoble.com'), ('455', 'Nichol Rudsdell', '0375 Russell Center', '+595 985 910197', 'nrudsdellcm@un.org'), ('456', 'Gun Gunter', '36 Donald Center', '+595 985 362216', 'gguntercn@prweb.com'), ('457', 'Tedi De Mars', '9553 Sundown Street', '+595 981 564892', 'tdeco@blogtalkradio.com'), ('458', 'Kenneth Beinke', '132 Dawn Alley', '+595 985 189272', 'kbeinkecp@macromedia.com'), ('459', 'Vanessa Maddison', '5489 Welch Court', '+595 992 940984', 'vmaddisoncq@ning.com'), ('460', 'Celinda McCuthais', '3 Browning Drive', '+595 985 417593', 'cmccuthaiscr@shutterfly.com'), ('461', 'Donalt Noblett', '3750 Hollow Ridge Center', '+595 985 727762', 'dnoblettcs@facebook.com'), ('462', 'Patric Petkens', '15769 Redwing Alley', '+595 992 779713', 'ppetkensct@blogspot.com'), ('463', 'Melina Dreakin', '98 Eagle Crest Alley', '+595 992 595456', 'mdreakincu@amazon.co.jp'), ('464', 'Caryl Piburn', '15585 Truax Circle', '+595 992 506401', 'cpiburncv@webs.com'), ('465', 'Ashla Janata', '738 Russell Crossing', '+595 981 946016', 'ajanatacw@homestead.com'), ('466', 'Leonhard Elderfield', '48334 Ronald Regan Plaza', '+595 992 538801', 'lelderfieldcx@mit.edu'), ('467', 'Merell Slidders', '9 Lyons Hill', '+595 994 329411', 'mslidderscy@goo.gl'), ('468', 'Knox Damper', '60205 Atwood Parkway', '+595 985 363731', 'kdampercz@census.gov'), ('469', 'Perri Molyneaux', '95 Kensington Point', '+595 985 580716', 'pmolyneauxd0@java.com'), ('470', 'Stanton Brocks', '18 Village Plaza', '+595 985 235720', 'sbrocksd1@usa.gov'), ('471', 'Juliane Colly', '9 Nevada Avenue', '+595 992 329357', 'jcollyd2@usda.gov'), ('472', 'Felice Maciaszek', '0262 Weeping Birch Hill', '+595 981 767506', 'fmaciaszekd3@oakley.com'), ('473', 'Vinnie Bidmead', '6 Springs Street', '+595 981 407816', 'vbidmeadd4@wix.com'), ('474', 'Wayne Allen', '7 Dennis Court', '+595 981 832058', 'wallend5@blogtalkradio.com'), ('475', 'Odo Burner', '0334 Memorial Lane', '+595 985 935078', 'oburnerd6@columbia.edu'), ('476', 'Fannie Penner', '9076 Huxley Place', '+595 981 280980', 'fpennerd7@auda.org.au'), ('477', 'Kiel Binnion', '6192 Hayes Drive', '+595 985 423500', 'kbinniond8@clickbank.net'), ('478', 'Stephine Ruske', '3 Loomis Pass', '+595 985 339958', 'srusked9@angelfire.com'), ('479', 'Mirabel Orritt', '15658 Melby Alley', '+595 985 917641', 'morrittda@sina.com.cn'), ('480', 'Fowler Murrey', '98345 Dwight Court', '+595 994 697070', 'fmurreydb@vk.com'), ('481', 'Daile Bodley', '03539 Golf View Park', '+595 985 992291', 'dbodleydc@vinaora.com'), ('482', 'Arley Cosin', '590 Corscot Place', '+595 985 104109', 'acosindd@pbs.org'), ('483', 'Seymour Symper', '224 Nova Point', '+595 985 356318', 'ssymperde@bandcamp.com'), ('484', 'Madelon MacIan', '810 Thackeray Parkway', '+595 992 365857', 'mmaciandf@flavors.me'), ('485', 'Allix Garvey', '18702 Bunker Hill Lane', '+595 981 716508', 'agarveydg@bigcartel.com'), ('486', 'Selle Brandel', '06 Golf View Point', '+595 992 936331', 'sbrandeldh@blogspot.com'), ('487', 'Birk Diver', '47 Bobwhite Place', '+595 981 889658', 'bdiverdi@ehow.com'), ('488', 'Burgess Medwell', '915 Vera Plaza', '+595 981 555729', 'bmedwelldj@cafepress.com'), ('489', 'Konstantine Goulborne', '41 Holmberg Hill', '+595 992 666531', 'kgoulbornedk@unc.edu'), ('490', 'Adelice Towe', '390 Crescent Oaks Park', '+595 992 317274', 'atowedl@arstechnica.com'), ('491', 'Annaliese Canceller', '23639 Paget Trail', '+595 985 568582', 'acancellerdm@pen.io'), ('492', 'Ephrem Heffron', '25 Badeau Court', '+595 994 137992', 'eheffrondn@desdev.cn'), ('493', 'Delmer Fazzioli', '135 Grover Park', '+595 992 821486', 'dfazziolido@narod.ru'), ('494', 'Rusty Kelinge', '15 Glacier Hill Road', '+595 992 768782', 'rkelingedp@google.es'), ('495', 'Vina Magor', '085 Gina Terrace', '+595 985 717801', 'vmagordq@hatena.ne.jp'), ('496', 'Micaela Matousek', '9957 Eliot Junction', '+595 981 326013', 'mmatousekdr@dyndns.org'), ('497', 'Velvet Wickens', '80 Anderson Avenue', '+595 994 279807', 'vwickensds@virginia.edu'), ('498', 'Lind Hesbrook', '53 Rockefeller Drive', '+595 985 739891', 'lhesbrookdt@indiegogo.com'), ('499', 'Atalanta Pickerin', '126 Mariners Cove Street', '+595 981 428201', 'apickerindu@psu.edu'), ('500', 'Job Ilyinski', '59 Leroy Avenue', '+595 985 719787', 'jilyinskidv@marriott.com');

INSERT INTO "public"."Depositos" ("id_deposito", "nombre") VALUES ('1', 'Depósito General'), ('2', 'Salón de Ventas');

INSERT INTO "public"."Empleados" ("id_empleado", "nombre_completo") VALUES ('1', 'Helena Gartin'), ('2', 'Elmo Shields'), ('3', 'Jaye Petett'), ('4', 'Kippy Trusler'), ('5', 'Justis Scriviner'), ('6', 'Alexio Eldrid'), ('7', 'Gardner Crickmoor'), ('8', 'Dylan Klainer'), ('9', 'Alexandr Gowthorpe'), ('10', 'Candy Whicher'), ('11', 'Marsiella Boribal'), ('12', 'Dody Lambshine'), ('13', 'Hakim Halbert'), ('14', 'Emmalynne Harwood'), ('15', 'Georgiana Wells'), ('16', 'Anders Peasnone'), ('17', 'Ailyn Swalwel'), ('18', 'Keeley Kubal'), ('19', 'Virginia Naerup'), ('20', 'Colman Aime'), ('21', 'Gualterio Flegg'), ('22', 'Ogdon Horlick'), ('23', 'Emera Spring'), ('24', 'Zachariah Burgess'), ('25', 'Arney Girardey'), ('26', 'Andrey Ianson'), ('27', 'Dyna Pavlov'), ('28', 'Cymbre Tartt'), ('29', 'Harald Rottgers'), ('30', 'Yoko Ecob'), ('31', 'Bobinette Poxson'), ('32', 'Madeleine MacTurlough'), ('33', 'Bellina Geraudy'), ('34', 'Pete Scorer'), ('35', 'Meyer Nieass'), ('36', 'Tremaine Bligh'), ('37', 'Elwira Duffit'), ('38', 'Shela Winslade'), ('39', 'York Tolputt'), ('40', 'Jade Cantero'), ('41', 'Hilario Proffitt'), ('42', 'Abran McVeagh'), ('43', 'Silvain Leach'), ('44', 'Walther Van der Krui'), ('45', 'Salomo Glew'), ('46', 'Norton Donkersley'), ('47', 'Jillian Cogin'), ('48', 'Thorsten Dunrige'), ('49', 'Janek Pilkington'), ('50', 'Darcie Gonzalvo');

INSERT INTO "public"."Marcas" ("id_marca", "nombre") VALUES ('1', 'Photospace'), ('2', 'Youbridge'), ('3', 'Vidoo'), ('4', 'Blogspan'), ('5', 'Youtags'), ('6', 'Rhynyx'), ('7', 'Skipfire'), ('8', 'Mymm'), ('9', 'Oyonder'), ('10', 'Gigashots'), ('11', 'Topicware'), ('12', 'Voonder'), ('13', 'Kazio'), ('14', 'Fanoodle'), ('15', 'Eire'), ('16', 'Realpoint'), ('17', 'Wordpedia'), ('18', 'Tazzy'), ('19', 'Minyx'), ('20', 'Ntag'), ('21', 'Rhybox'), ('22', 'Gigaclub'), ('25', 'Kwinu'), ('26', 'Oloo'), ('27', 'Kaymbo'), ('28', 'Yoveo'), ('29', 'Latz'), ('30', 'Npath'), ('31', 'Dablist'), ('32', 'Zoonder'), ('33', 'Skinte'), ('35', 'Meetz'), ('36', 'Livetube'), ('37', 'Pixoboo'), ('38', 'Skalith'), ('39', 'Meemm'), ('40', 'Vinte'), ('41', 'Abatz'), ('42', 'Talane'), ('43', 'Twitterbridge'), ('44', 'Ozu'), ('45', 'Oyoba'), ('46', 'Skimia'), ('47', 'Yadel'), ('48', 'Bluezoom'), ('49', 'Avamba'), ('50', 'Devpoint'), ('51', 'Quinu'), ('52', 'Geba'), ('53', 'Zoovu'), ('54', 'Eadel'), ('55', 'Meeveo'), ('56', 'Nlounge'), ('58', 'Jabberstorm'), ('59', 'Yakijo'), ('60', 'Yabox'), ('61', 'Tavu'), ('62', 'Youspan'), ('63', 'Aimbo'), ('64', 'Ailane'), ('65', 'Realcube'), ('66', 'Zoombox'), ('67', 'Realfire'), ('69', 'Camido'), ('70', 'Riffpath'), ('71', 'Skynoodle'), ('72', 'Demivee'), ('73', 'Shuffletag'), ('75', 'Aivee'), ('76', 'Yakitri'), ('77', 'Jabberbean'), ('79', 'Thoughtsphere'), ('80', 'Trupe'), ('81', 'Tanoodle'), ('82', 'Eamia'), ('83', 'Topdrive'), ('84', 'Edgepulse'), ('86', 'Reallinks'), ('87', 'Rhyloo'), ('88', 'Blognation'), ('89', 'Skyba'), ('90', 'Kayveo'), ('91', 'Yombu'), ('92', 'Feedbug'), ('93', 'Blogpad'), ('95', 'Zoomlounge'), ('96', 'Skyndu'), ('97', 'Zava'), ('98', 'Viva'), ('100', 'Jayo');

INSERT INTO "public"."Motivos" ("id_motivo", "descripcion") VALUES ('1', 'Cliente no confirmó'), ('2', 'Producto fuera de stock'), ('3', 'Error en el precio'), ('4', 'Cambio de proveedor'), ('5', 'Retraso en entrega'), ('6', 'Pedido duplicado'), ('7', 'Producto discontinuado'), ('8', 'Cancelación por política interna'), ('9', 'Solicitud de anulación del cliente'), ('10', 'Error en la cantidad solicitada'), ('11', 'Pedido incompleto'), ('12', 'Fallo en el sistema de pagos'), ('13', 'Desacuerdo en condiciones de venta'), ('14', 'Error en la dirección de entrega'), ('15', 'Cliente desistió de la compra'), ('16', 'Problema logístico'), ('17', 'Falta de autorización interna'), ('18', 'Cambio de prioridades del cliente'), ('19', 'Producto dañado'), ('20', 'Problema de transporte'), ('21', 'Condiciones contractuales no aceptadas'), ('22', 'Problema en la documentación'), ('23', 'Error de facturación'), ('24', 'Pedido mal registrado'), ('25', 'Cliente cambió de proveedor'), ('26', 'Producto incompatible'), ('27', 'Problema de inventario'), ('28', 'Cancelación por fuerza mayor'), ('29', 'Error en la cotización'), ('30', 'Pedido rechazado por auditoría'), ('31', 'Condición de crédito no aprobada'), ('32', 'Producto no conforme a especificaciones'), ('33', 'Solicitud de cambio de entrega'), ('34', 'Problema en la logística de transporte');

INSERT INTO "public"."Productos" ("id_producto", "descripcion", "id_marca", "id_tipo_producto", "aplica_iva", "porcentaje_iva", "precio_venta", "precio_compra") VALUES ('1', 'Filtra el aire que entra al motor para evitar partículas dañinas', '43', '1', 'false', '0.00', '59.99', '37.66'), ('2', 'Retiene impurezas del aceite del motor para proteger componentes', '69', '2', 'true', '19.00', '4.79', '2.17'), ('3', 'Limpia el combustible antes de llegar al motor', '100', '3', 'true', '17.00', '59.99', '36.31'), ('4', 'Proporciona la chispa necesaria para la combustión del motor', '50', '4', 'false', '0.00', '39.99', '34.55'), ('5', 'Sincroniza el movimiento del cigüeñal y el árbol de levas', '77', '5', 'false', '0.00', '6.99', '5.28'), ('6', 'Mueve accesorios como alternador, bomba de agua o aire acondicionado', '37', '6', 'true', '14.00', '14.99', '4.13'), ('7', 'Genera energía eléctrica para el vehículo y carga la batería', '69', '7', 'false', '0.00', '2.49', '1.02'), ('8', 'Circula el refrigerante por el motor y radiador', '26', '8', 'true', '17.00', '39.99', '36.43'), ('9', 'Enfría el refrigerante para mantener la temperatura del motor', '66', '9', 'true', '12.00', '39.99', '37.13'), ('10', 'Regula el flujo de refrigerante según la temperatura', '46', '10', 'true', '17.00', '22.99', '10.44'), ('11', 'Introduce el combustible de forma precisa en los cilindros', '7', '11', 'false', '0.00', '59.99', '41.96'), ('12', 'Proporciona energía para el arranque y sistemas eléctricos', '47', '12', 'false', '0.00', '8.99', '4.57'), ('13', 'Sin Descripción', '31', '60', 'false', '0.00', '14.99', '1.23'), ('14', 'Permite encender el motor del vehículo', '31', '14', 'false', '0.00', '44.99', '28.98'), ('15', 'Transfiere la fuerza del motor a la transmisión', '73', '15', 'true', '20.00', '39.99', '31.68'), ('16', 'Presiona el disco de embrague para acoplarlo', '26', '16', 'false', '0.00', '69.99', '40.74'), ('17', 'Permite el desacoplamiento del embrague', '55', '17', 'true', '10.00', '19.99', '7.44'), ('18', 'Permite seleccionar la relación de transmisión adecuada', '92', '18', 'false', '0.00', '79.99', '54.89'), ('19', 'Absorben impactos y proporcionan estabilidad al vehículo', '66', '19', 'true', '10.00', '1.99', '0.99'), ('20', 'Soportan el peso del vehículo y absorben irregularidades', '5', '20', 'true', '15.00', '26.99', '23.36'), ('21', 'Conectan componentes de suspensión y dirección, permitiendo movimiento', '71', '21', 'true', '17.00', '1.89', '0.97'), ('22', 'Transmiten el movimiento del volante a las ruedas', '55', '22', 'true', '13.00', '3.19', '1.24'), ('23', 'Convierte el giro del volante en movimiento de las ruedas', '7', '25', 'true', '12.00', '9.99', '3.12'), ('24', 'Conectan la barra estabilizadora a la suspensión', '42', '26', 'false', '0.00', '149.99', '32.40'), ('25', 'Soportan y fijan los amortiguadores al chasis', '5', '27', 'true', '11.00', '24.99', '21.27'), ('26', 'Generan fricción sobre los discos para detener el vehículo', '25', '28', 'false', '0.00', '39.99', '16.40'), ('27', 'Superficie de fricción donde actúan las pastillas de freno', '77', '29', 'true', '13.00', '5.49', '1.76'), ('28', 'Fricción sobre el tambor para detener las ruedas traseras', '22', '30', 'false', '0.00', '4.29', '3.23'), ('29', 'Superficie de fricción para frenos de tambor', '48', '31', 'true', '6.00', '39.99', '22.78'), ('30', 'Presionan las pastillas sobre los discos para frenar', '64', '32', 'true', '13.00', '4.49', '1.03'), ('31', 'Transportan el líquido de frenos a las pinzas o tambores', '53', '33', 'true', '7.00', '3.99', '2.06'), ('32', 'Amplifica la fuerza aplicada al pedal de freno', '10', '35', 'true', '13.00', '22.99', '2.62'), ('33', 'Transmiten potencia a las ruedas manteniendo el ángulo de giro', '84', '36', 'true', '7.00', '4.79', '3.62'), ('34', 'Conectan la transmisión con las ruedas motrices', '29', '37', 'true', '18.00', '29.99', '28.79'), ('35', 'Permiten el giro y movimiento de los ejes de transmisión', '18', '38', 'false', '0.00', '1.29', '0.67'), ('36', 'Distribuye la potencia entre las ruedas motrices', '69', '39', 'true', '14.00', '49.99', '36.05'), ('37', 'Sin Descripción', '59', '41', 'true', '5.00', '35.99', '23.26'), ('38', 'Refresca el radiador cuando el vehículo está detenido', '36', '41', 'true', '17.00', '2.49', '1.10'), ('39', 'Contiene el exceso de refrigerante y permite su expansión', '62', '42', 'true', '8.00', '2.49', '1.49'), ('40', 'Conducen el líquido refrigerante por el motor y radiador', '70', '43', 'true', '14.00', '29.99', '28.27'), ('41', 'Mide la temperatura del motor para controlar sistemas', '73', '44', 'true', '10.00', '99.99', '95.35'), ('42', 'Sin Descripción', '27', '25', 'true', '6.00', '3.50', '1.82'), ('43', 'Sin Descripción', '62', '49', 'false', '0.00', '29.99', '25.08'), ('44', 'Sin Descripción', '72', '41', 'true', '9.00', '39.99', '19.99'), ('45', 'Controlan el flujo de corriente en circuitos eléctricos', '3', '48', 'true', '14.00', '24.99', '8.95'), ('46', 'Protegen los circuitos eléctricos de sobrecargas', '71', '49', 'true', '18.00', '4.29', '2.41'), ('47', 'Iluminan a larga distancia por la noche', '83', '50', 'false', '0.00', '5.49', '1.22'), ('48', 'Señalizan que el vehículo está frenando', '98', '51', 'false', '0.00', '39.99', '16.62'), ('49', 'Indican giros o cambios de carril', '53', '52', 'false', '0.00', '49.99', '22.66'), ('50', 'Transportan corriente y señales a distintos componentes', '31', '53', 'true', '6.00', '2.99', '1.48'), ('51', 'Unen cables eléctricos de manera segura', '11', '54', 'true', '18.00', '2.49', '1.12'), ('52', 'Protege la carrocería de impactos menores', '100', '55', 'true', '13.00', '27.99', '18.53'), ('53', 'Evita que barro y piedras salpiquen otras partes del vehículo', '9', '56', 'false', '0.00', '49.99', '6.03'), ('54', 'Acceso y protección de los ocupantes', '61', '58', 'true', '10.00', '3.59', '2.14'), ('55', 'Protege el motor y permite su acceso para mantenimiento', '67', '59', 'true', '18.00', '3.99', '2.98'), ('56', 'Permite la entrada de aire al radiador y protege el frente', '22', '60', 'false', '0.00', '44.99', '2.89'), ('57', 'Aseguran puertas, capó y maletero', '28', '61', 'true', '20.00', '4.99', '1.36'), ('58', 'Permiten abrir puertas y compartimentos', '55', '62', 'false', '0.00', '99.99', '46.54'), ('59', 'Proporcionan soporte y comodidad a los ocupantes', '49', '63', 'true', '17.00', '34.99', '31.55'), ('60', 'Sin Descripción', '2', '64', 'false', '0.00', '14.99', '6.85'), ('61', 'Retienen a los ocupantes en caso de accidente', '67', '65', 'false', '0.00', '3.49', '1.72'), ('62', 'Permite controlar la dirección del vehículo', '61', '66', 'true', '6.00', '49.99', '9.12'), ('63', 'Controlan aceleración, freno y embrague', '100', '67', 'true', '6.00', '3.99', '1.62'), ('64', 'Canaliza gases de combustión desde el motor', '56', '69', 'false', '0.00', '14.99', '8.00'), ('65', 'Reduce emisiones contaminantes de los gases de escape', '13', '70', 'true', '13.00', '2.49', '1.24'), ('66', 'Disminuye el ruido del escape', '47', '71', 'true', '11.00', '3.99', '1.78'), ('67', 'Conduce los gases fuera del vehículo', '65', '72', 'true', '20.00', '9.49', '3.91'), ('68', 'Sin Descripción', '2', '72', 'false', '0.00', '34.99', '30.02'), ('69', 'Sin Descripción', '53', '66', 'true', '13.00', '5.99', '3.90'), ('70', 'Sin Descripción', '6', '65', 'false', '0.00', '7.49', '1.33'), ('71', 'Sin Descripción', '46', '60', 'true', '10.00', '349.99', '133.88'), ('72', 'Sin Descripción', '54', '33', 'true', '18.00', '19.99', '15.87'), ('73', 'Sin Descripción', '93', '32', 'true', '5.00', '29.99', '8.99'), ('74', 'Sin Descripción', '65', '4', 'false', '0.00', '10.99', '8.05'), ('75', 'Sin Descripción', '49', '5', 'false', '0.00', '3.49', '1.56'), ('76', 'Sin Descripción', '64', '6', 'false', '0.00', '5.49', '1.22'), ('77', 'Sin Descripción', '83', '7', 'true', '17.00', '1.99', '1.00'), ('78', 'Sin Descripción', '27', '8', 'true', '16.00', '4.79', '1.83'), ('79', 'Sin Descripción', '2', '9', 'true', '13.00', '49.95', '26.35'), ('80', 'Sin Descripción', '5', '10', 'true', '16.00', '10.99', '2.08'), ('81', 'Sin Descripción', '92', '11', 'false', '0.00', '2.99', '1.20'), ('82', 'Sin Descripción', '54', '12', 'true', '15.00', '4.99', '3.22'), ('83', 'Sin Descripción', '93', '14', 'false', '0.00', '15.99', '12.45'), ('84', 'Sin Descripción', '80', '15', 'true', '8.00', '22.99', '9.23'), ('85', 'Sin Descripción', '61', '28', 'true', '19.00', '49.99', '30.66'), ('86', 'Sin Descripción', '4', '29', 'false', '0.00', '59.99', '44.00'), ('87', 'Sin Descripción', '83', '30', 'false', '0.00', '49.95', '36.35'), ('88', 'Sin Descripción', '46', '31', 'false', '0.00', '3.49', '1.75'), ('89', 'Sin Descripción', '52', '32', 'false', '0.00', '14.99', '5.83'), ('90', 'Sin Descripción', '32', '33', 'true', '8.00', '5.49', '1.51'), ('91', 'Sin Descripción', '50', '9', 'true', '11.00', '5.99', '2.72'), ('92', 'Retiene impurezas del aceite del motor para proteger componentes', '36', '2', 'false', '0.00', '2.49', '1.11'), ('93', 'Limpia el combustible antes de llegar al motor', '15', '3', 'true', '7.00', '15.99', '4.32'), ('94', 'Proporciona la chispa necesaria para la combustión del motor', '56', '4', 'false', '0.00', '34.99', '13.09'), ('95', 'Sincroniza el movimiento del cigüeñal y el árbol de levas', '39', '5', 'true', '6.00', '6.49', '2.96'), ('96', 'Mueve accesorios como alternador, bomba de agua o aire acondicionado', '76', '6', 'true', '19.00', '6.99', '3.78'), ('97', 'Genera energía eléctrica para el vehículo y carga la batería', '6', '7', 'false', '0.00', '49.99', '36.43'), ('98', 'Circula el refrigerante por el motor y radiador', '66', '8', 'true', '11.00', '24.99', '19.24'), ('99', 'Enfría el refrigerante para mantener la temperatura del motor', '62', '9', 'true', '16.00', '89.99', '86.72'), ('100', 'Regula el flujo de refrigerante según la temperatura', '72', '10', 'true', '20.00', '29.99', '22.56'), ('101', 'Introduce el combustible de forma precisa en los cilindros', '96', '11', 'true', '16.00', '129.99', '42.15'), ('102', 'Proporciona energía para el arranque y sistemas eléctricos', '60', '12', 'false', '0.00', '4.99', '1.32'), ('103', 'Permite encender el motor del vehículo', '22', '14', 'true', '13.00', '3.49', '1.59'), ('104', 'Transfiere la fuerza del motor a la transmisión', '46', '15', 'false', '0.00', '79.99', '2.90'), ('105', 'Presiona el disco de embrague para acoplarlo', '82', '16', 'true', '12.00', '12.99', '2.83'), ('106', 'Permite el desacoplamiento del embrague', '37', '17', 'true', '19.00', '1.99', '0.99'), ('107', 'Permite seleccionar la relación de transmisión adecuada', '47', '18', 'true', '6.00', '129.99', '50.14'), ('108', 'Absorben impactos y proporcionan estabilidad al vehículo', '7', '19', 'false', '0.00', '1.79', '0.88'), ('109', 'Soportan el peso del vehículo y absorben irregularidades', '72', '20', 'false', '0.00', '59.99', '58.52'), ('110', 'Conectan componentes de suspensión y dirección, permitiendo movimiento', '30', '21', 'false', '0.00', '1.99', '1.00'), ('111', 'Transmiten el movimiento del volante a las ruedas', '3', '22', 'false', '0.00', '6.99', '1.12'), ('112', 'Reduce el balanceo del vehículo en curvas', '33', '23', 'true', '20.00', '249.99', '48.23'), ('113', 'Aíslan vibraciones y permiten movimiento entre piezas de la suspensión', '32', '24', 'true', '8.00', '4.99', '1.36'), ('114', 'Convierte el giro del volante en movimiento de las ruedas', '51', '25', 'false', '0.00', '18.99', '14.88'), ('115', 'Conectan la barra estabilizadora a la suspensión', '83', '26', 'false', '0.00', '9.99', '8.87'), ('116', 'Soportan y fijan los amortiguadores al chasis', '13', '27', 'false', '0.00', '29.99', '18.15'), ('117', 'Generan fricción sobre los discos para detener el vehículo', '52', '28', 'true', '13.00', '34.99', '25.41'), ('118', 'Superficie de fricción donde actúan las pastillas de freno', '7', '29', 'true', '9.00', '129.99', '48.31'), ('119', 'Fricción sobre el tambor para detener las ruedas traseras', '72', '30', 'false', '0.00', '12.99', '5.19'), ('120', 'Superficie de fricción para frenos de tambor', '50', '31', 'false', '0.00', '29.99', '13.35'), ('121', 'Presionan las pastillas sobre los discos para frenar', '88', '32', 'false', '0.00', '79.99', '63.59'), ('122', 'Transportan el líquido de frenos a las pinzas o tambores', '96', '33', 'true', '18.00', '199.99', '32.87'), ('123', 'Genera presión hidráulica en el sistema de frenos', '8', '34', 'false', '0.00', '8.99', '6.82'), ('124', 'Amplifica la fuerza aplicada al pedal de freno', '19', '35', 'false', '0.00', '1.99', '0.99'), ('125', 'Transmiten potencia a las ruedas manteniendo el ángulo de giro', '89', '36', 'false', '0.00', '4.99', '2.46'), ('126', 'Conectan la transmisión con las ruedas motrices', '1', '37', 'true', '11.00', '24.99', '22.31'), ('127', 'Permiten el giro y movimiento de los ejes de transmisión', '51', '38', 'false', '0.00', '22.00', '3.00'), ('128', 'Distribuye la potencia entre las ruedas motrices', '41', '39', 'false', '0.00', '3.29', '1.60'), ('129', 'Refresca el radiador cuando el vehículo está detenido', '73', '41', 'true', '12.00', '3.99', '1.05'), ('130', 'Contiene el exceso de refrigerante y permite su expansión', '22', '42', 'false', '0.00', '4.99', '2.44'), ('131', 'Conducen el líquido refrigerante por el motor y radiador', '7', '43', 'true', '18.00', '3.99', '1.44'), ('132', 'Mide la temperatura del motor para controlar sistemas', '6', '44', 'false', '0.00', '19.99', '5.94'), ('133', 'Controlan el flujo de corriente en circuitos eléctricos', '59', '48', 'true', '17.00', '249.99', '223.78'), ('134', 'Protegen los circuitos eléctricos de sobrecargas', '48', '49', 'true', '16.00', '4.89', '2.15'), ('135', 'Iluminan a larga distancia por la noche', '1', '50', 'false', '0.00', '4.29', '2.00'), ('136', 'Señalizan que el vehículo está frenando', '61', '51', 'false', '0.00', '19.99', '1.43'), ('137', 'Indican giros o cambios de carril', '100', '52', 'false', '0.00', '45.00', '15.00'), ('138', 'Transportan corriente y señales a distintos componentes', '97', '53', 'false', '0.00', '22.99', '15.66'), ('139', 'Unen cables eléctricos de manera segura', '60', '54', 'false', '0.00', '4.99', '2.55'), ('140', 'Protege la carrocería de impactos menores', '81', '55', 'true', '16.00', '3.39', '1.08'), ('141', 'Evita que barro y piedras salpiquen otras partes del vehículo', '43', '56', 'false', '0.00', '15.99', '7.20'), ('142', 'Permiten ver lo que sucede detrás del vehículo', '43', '57', 'true', '9.00', '4.49', '1.79'), ('143', 'Acceso y protección de los ocupantes', '47', '58', 'true', '16.00', '14.99', '8.32'), ('144', 'Protege el motor y permite su acceso para mantenimiento', '54', '59', 'true', '5.00', '7.99', '5.21'), ('145', 'Permite la entrada de aire al radiador y protege el frente', '16', '60', 'false', '0.00', '99.99', '20.45'), ('146', 'Aseguran puertas, capó y maletero', '53', '61', 'true', '6.00', '1.29', '0.72'), ('147', 'Permiten abrir puertas y compartimentos', '38', '62', 'false', '0.00', '2.49', '1.16'), ('148', 'Proporcionan soporte y comodidad a los ocupantes', '38', '63', 'false', '0.00', '44.99', '29.36'), ('149', 'Sin Descripción', '31', '64', 'false', '0.00', '2.29', '1.11'), ('150', 'Retienen a los ocupantes en caso de accidente', '83', '65', 'false', '0.00', '29.99', '2.73'), ('151', 'Permite controlar la dirección del vehículo', '1', '66', 'true', '5.00', '59.99', '18.43'), ('152', 'Controlan aceleración, freno y embrague', '35', '67', 'false', '0.00', '3.29', '1.58'), ('153', 'Protegen el piso del vehículo y facilitan limpieza', '15', '68', 'true', '6.00', '19.99', '2.07'), ('154', 'Canaliza gases de combustión desde el motor', '52', '69', 'true', '13.00', '4.49', '1.59'), ('155', 'Reduce emisiones contaminantes de los gases de escape', '14', '70', 'false', '0.00', '8.99', '5.26'), ('156', 'Disminuye el ruido del escape', '2', '71', 'false', '0.00', '3.29', '2.29'), ('157', 'Conduce los gases fuera del vehículo', '92', '72', 'false', '0.00', '6.49', '4.11'), ('158', 'Filtra el aire que entra al motor para evitar partículas dañinas', '9', '1', 'false', '0.00', '34.99', '19.80'), ('159', 'Retiene impurezas del aceite del motor para proteger componentes', '4', '2', 'true', '14.00', '19.99', '9.96'), ('160', 'Limpia el combustible antes de llegar al motor', '9', '3', 'false', '0.00', '3.29', '1.92'), ('161', 'Proporciona la chispa necesaria para la combustión del motor', '9', '4', 'false', '0.00', '39.99', '18.39'), ('162', 'Sincroniza el movimiento del cigüeñal y el árbol de levas', '72', '5', 'true', '19.00', '3.99', '1.74'), ('163', 'Mueve accesorios como alternador, bomba de agua o aire acondicionado', '17', '6', 'true', '16.00', '99.99', '55.51'), ('164', 'Genera energía eléctrica para el vehículo y carga la batería', '64', '7', 'true', '18.00', '15.99', '7.96'), ('165', 'Circula el refrigerante por el motor y radiador', '65', '8', 'true', '14.00', '5.49', '1.90'), ('166', 'Enfría el refrigerante para mantener la temperatura del motor', '7', '9', 'true', '11.00', '19.99', '11.59'), ('167', 'Regula el flujo de refrigerante según la temperatura', '95', '10', 'false', '0.00', '6.99', '3.38'), ('168', 'Introduce el combustible de forma precisa en los cilindros', '9', '11', 'false', '0.00', '2.49', '1.30'), ('169', 'Proporciona energía para el arranque y sistemas eléctricos', '58', '12', 'false', '0.00', '0.89', '0.07'), ('170', 'Sin Descripción', '60', '34', 'false', '0.00', '15.99', '3.06'), ('171', 'Permite encender el motor del vehículo', '16', '14', 'true', '9.00', '2.99', '1.09'), ('172', 'Transfiere la fuerza del motor a la transmisión', '13', '15', 'true', '12.00', '3.59', '1.66'), ('173', 'Presiona el disco de embrague para acoplarlo', '76', '16', 'false', '0.00', '7.99', '5.68'), ('174', 'Permite el desacoplamiento del embrague', '66', '17', 'true', '18.00', '4.99', '3.15'), ('175', 'Permite seleccionar la relación de transmisión adecuada', '67', '18', 'true', '20.00', '22.99', '20.49'), ('176', 'Absorben impactos y proporcionan estabilidad al vehículo', '100', '19', 'true', '16.00', '6.49', '4.78'), ('177', 'Soportan el peso del vehículo y absorben irregularidades', '60', '20', 'false', '0.00', '3.99', '2.63'), ('178', 'Conectan componentes de suspensión y dirección, permitiendo movimiento', '70', '21', 'true', '8.00', '19.99', '4.06'), ('179', 'Transmiten el movimiento del volante a las ruedas', '37', '22', 'false', '0.00', '0.99', '0.15'), ('180', 'Convierte el giro del volante en movimiento de las ruedas', '41', '25', 'true', '15.00', '139.99', '80.49'), ('181', 'Conectan la barra estabilizadora a la suspensión', '64', '26', 'false', '0.00', '7.49', '5.45'), ('182', 'Soportan y fijan los amortiguadores al chasis', '14', '27', 'false', '0.00', '64.99', '61.71'), ('183', 'Generan fricción sobre los discos para detener el vehículo', '71', '28', 'true', '10.00', '29.99', '11.68'), ('184', 'Superficie de fricción donde actúan las pastillas de freno', '2', '29', 'false', '0.00', '129.99', '56.90'), ('185', 'Fricción sobre el tambor para detener las ruedas traseras', '83', '30', 'false', '0.00', '2.49', '1.45'), ('186', 'Superficie de fricción para frenos de tambor', '76', '31', 'false', '0.00', '15.99', '7.26'), ('187', 'Presionan las pastillas sobre los discos para frenar', '62', '32', 'true', '13.00', '2.49', '1.18'), ('188', 'Transportan el líquido de frenos a las pinzas o tambores', '60', '33', 'true', '20.00', '29.99', '9.88'), ('189', 'Amplifica la fuerza aplicada al pedal de freno', '30', '35', 'false', '0.00', '3.49', '1.34'), ('190', 'Transmiten potencia a las ruedas manteniendo el ángulo de giro', '97', '36', 'true', '10.00', '3.29', '1.83'), ('191', 'Conectan la transmisión con las ruedas motrices', '14', '37', 'true', '6.00', '22.99', '17.91'), ('192', 'Permiten el giro y movimiento de los ejes de transmisión', '54', '38', 'false', '0.00', '1.49', '0.80'), ('193', 'Distribuye la potencia entre las ruedas motrices', '22', '39', 'true', '8.00', '24.99', '15.86'), ('194', 'Sin Descripción', '10', '42', 'false', '0.00', '3.99', '1.51'), ('195', 'Refresca el radiador cuando el vehículo está detenido', '17', '41', 'false', '0.00', '29.99', '10.12'), ('196', 'Contiene el exceso de refrigerante y permite su expansión', '79', '42', 'false', '0.00', '3.49', '1.76'), ('197', 'Conducen el líquido refrigerante por el motor y radiador', '82', '43', 'true', '6.00', '6.49', '2.40'), ('198', 'Mide la temperatura del motor para controlar sistemas', '35', '44', 'true', '19.00', '4.99', '3.23'), ('199', 'Sin Descripción', '43', '21', 'false', '0.00', '29.99', '24.28'), ('200', 'Sin Descripción', '96', '52', 'false', '0.00', '4.99', '2.23');

INSERT INTO "public"."TiposProducto" ("id_tipo_producto", "nombre") VALUES ('1', 'Filtro de aire'), ('2', 'Filtro de aceite'), ('3', 'Filtro de combustible'), ('4', 'Bujías'), ('5', 'Correa de distribución'), ('6', 'Correa auxiliar'), ('7', 'Alternador'), ('8', 'Bomba de agua'), ('9', 'Radiador'), ('10', 'Termostato'), ('11', 'Inyectores'), ('12', 'Batería'), ('14', 'Motor de arranque'), ('15', 'Embrague disco'), ('16', 'Embrague plato'), ('17', 'Embrague collarín'), ('18', 'Caja de cambios (transmisión)'), ('19', 'Amortiguadores'), ('20', 'Resortes (espirales)'), ('21', 'Rótulas'), ('22', 'Terminales de dirección'), ('23', 'Barra estabilizadora'), ('24', 'Bujes'), ('25', 'Cremallera de dirección'), ('26', 'Bieletas'), ('27', 'Bases de amortiguador'), ('28', 'Pastillas de freno'), ('29', 'Discos de freno'), ('30', 'Zapatas de freno'), ('31', 'Tambores de freno'), ('32', 'Calipers o pinzas'), ('33', 'Líneas de freno'), ('34', 'Bomba de freno'), ('35', 'Servofreno'), ('36', 'Homocinéticas'), ('37', 'Ejes de transmisión'), ('38', 'Crucetas'), ('39', 'Diferencial'), ('41', 'Electroventilador'), ('42', 'Depósito de expansión'), ('43', 'Mangueras de refrigerante'), ('44', 'Sensor de temperatura'), ('48', 'Relés'), ('49', 'Fusibles'), ('50', 'Luces altas'), ('51', 'Luces de stop'), ('52', 'Luces intermitentes'), ('53', 'Cables eléctricos'), ('54', 'Conectores'), ('55', 'Parachoques'), ('56', 'Guardabarros'), ('57', 'Retrovisores'), ('58', 'Puertas'), ('59', 'Capó'), ('60', 'Parrilla'), ('61', 'Cerraduras'), ('62', 'Manijas'), ('63', 'Asientos'), ('64', ''), ('65', 'Cinturones de seguridad'), ('66', 'Volante'), ('67', 'Pedales'), ('68', 'Alfombras'), ('69', 'Múltiple de escape'), ('70', 'Catalizador'), ('71', 'Silenciador'), ('72', 'Tubo de escape');


INSERT INTO public."EstadosPedido" (id_estado, nombre) VALUES
(1, 'Pedido Recibido'),
(2, 'Pendiente de Aprobación'),
(3, 'Pendiente de Pago'),
(4, 'Pago Confirmado'),
(5, 'Pago Parcial'),
(6, 'Error en el Pago'),

(7, 'En Espera de Stock'),
(8, 'Stock Reservado'),
(9, 'En Preparación'),
(10, 'Empaquetado'),
(11, 'Listo para Retirar'),
(12, 'Listo para Despacho'),

(13, 'Despachado'),
(14, 'En Tránsito'),
(15, 'En Centro de Distribución'),
(16, 'En Reparto'),
(17, 'Intento de Entrega Fallido'),
(18, 'Entregado'),

(19, 'Completado'),
(20, 'En Disputa'),
(21, 'Solicitud de Devolución'),
(22, 'Devolución Aprobada'),
(23, 'Devuelto'),

(24, 'Cancelado por Cliente'),
(25, 'Cancelado por Sistema');

INSERT INTO public."EstadosPresupuesto" (id_estado, nombre) VALUES
(1, 'Borrador'),       
(2, 'Enviado'),       
(3, 'Aceptado'),       
(4, 'Rechazado'),       
(5, 'Vencido'),        
(6, 'Anulado'),         
(7, 'Convertido');      

INSERT INTO public."Stock" (id_producto, id_deposito, cantidad_disponible, cantidad_confirmada) VALUES
(15, 1, 100, 10),
(15, 2, 50, 5),
(99, 1, 12, 2),
(99, 2, 8, 8),
(33, 1, 80, 0),
(33, 2, 45, 12),

(22, 1, 75, 0),
(8, 1, 250, 20),
(40, 2, 120, 8),
(51, 1, 5, 1),
(7, 2, 30, 0),

(98, 1, 0, 0);


INSERT INTO public."Presupuestos" (id_cliente, id_empleado, fecha_emision, forma_pago, id_estado, id_motivo, importe_total) VALUES
(10, 25, '2025-10-08 11:30:00', 'Contado', 2, NULL, 220000.00),
(22, 30, '2025-10-09 09:15:00', 'Credito', 2, NULL, 75000.00),
(35, 25, '2025-10-07 16:00:00', 'Credito', 3, NULL, 1600000.00),
(40, 31, '2025-10-06 14:00:00', 'Contado', 4, 15, 250000.00),
(18, 28, '2025-09-05 10:00:00', 'Contado', 5, NULL, 500000.00),
(55, 30, '2025-10-10 07:45:00', 'Contado', 1, NULL, 90000.00),
(62, 25, '2025-09-20 12:00:00', 'Credito', 7, NULL, 220000.00);

INSERT INTO public."PresupuestoDetalles" (id_presupuesto, id_producto, cantidad, precio_unitario) VALUES
(1, 10, 2, 50000.00),
(1, 12, 1, 120000.00),
(2, 25, 5, 15000.00),
(3, 30, 1, 750000.00),
(3, 31, 1, 850000.00),
(4, 44, 10, 25000.00),
(5, 50, 1, 500000.00),
(6, 60, 3, 30000.00),
(7, 77, 2, 110000.00);


INSERT INTO public."Pedidos" (id_cliente, id_presupuesto, fecha_generacion, id_estado, id_motivo, id_deposito_origen) VALUES
(35, 3, '2025-10-08 09:00:00', 1, 10, 1),
(62, 7, '2025-10-09 14:20:00', 3, 11, 2);

INSERT INTO public."PedidoDetalles" (id_pedido, id_producto, cantidad, precio_unitario) VALUES
(1, 30, 1, 750000.00),
(1, 31, 1, 850000.00),
(2, 77, 2, 110000.00);


INSERT INTO public."Facturas" (id_pedido, numero_factura, fecha_emision, estado) VALUES
(1, '001-001-0002101', '2025-10-09 11:00:00', 'Emitida'),
(2, '001-001-0002102', '2025-10-10 07:55:00', 'Emitida');

INSERT INTO public."FacturaDetalles" (id_factura, id_producto, cantidad, precio_unitario, porcentaje_iva) VALUES
(1, 30, 1, 750000.00, 10),
(1, 31, 1, 850000.00, 10),
(2, 77, 2, 110000.00, 10);
